"","Df","Sum Sq","Mean Sq","F value","Pr(>F)"
"Sepal.Width",1,22.5958005733971,22.5958005733971,2.07442689843801,0.151898260711447
"Residuals",148,1612.09753275994,10.8925508970266,NA,NA
